Job_Title,Industry,Job_Status,AI_Impact_Level,Median_Salary ,Required_Education,Experience_Required(Years),Job_Openings(2024),Projected_Openings (2030),Remot_Work_Ratio(%),Automation_Risk(%),Location,Gender_Diversity(%)
Investment analyst,IT,Increasing,Moderate," $42,109.76 ",Master? Degree,5,1515,6342,55.96,28.28,UK,44.63
"Journalist, newspaper",Manufacturing,Increasing,Moderate," $1,32,298.57 ",Master? Degree,15,1243,6205,16.81,89.71,USA,66.39
Financial planner,Finance,Increasing,Low," $1,43,279.19 ",Bachelor? Degree,4,3338,1154,91.82,72.97,Canada,41.13
Legal secretary,Healthcare,Increasing,High," $97,576.13 ",Associate Degree,15,7173,4060,1.89,99.94,Australia,65.76
Aeronautical engineer,IT,Increasing,Low," $60,956.63 ",Master? Degree,13,5944,7396,53.76,37.65,Germany,72.57
"Surveyor, insurance",Manufacturing,Decreasing,High," $1,47,150.03 ",High School,7,9738,4360,30.51,7.08,UK,20.14
Dentist,Entertainment,Decreasing,High," $64,245.48 ",Associate Degree,0,1393,8206,9.74,2.49,Canada,59.27
Emergency planning/management officer,Education,Increasing,High," $72,488.15 ",High School,12,7729,4452,38.77,99.56,Australia,60.56
Visual merchandiser,Manufacturing,Decreasing,Moderate," $95,840.30 ",Associate Degree,16,1127,2375,4.29,69.03,China,48.19
Housing manager/officer,Entertainment,Decreasing,High," $1,14,672.30 ",High School,12,2800,7964,94.02,20.19,UK,31.9
"Geologist, wellsite",Entertainment,Increasing,Moderate," $1,16,427.68 ",PhD,7,1852,3700,32.89,5.54,Australia,56.02
"Runner, broadcasting/film/video",Healthcare,Decreasing,Moderate," $43,059.04 ",PhD,2,1824,7625,55.6,13.12,Australia,27.5
Press photographer,Entertainment,Decreasing,Moderate," $1,37,894.14 ",Master? Degree,3,8312,9700,59.95,95.76,India,56.06
"Biochemist, clinical",Entertainment,Increasing,Moderate," $67,908.84 ",Master? Degree,2,1872,5314,93.9,3.19,China,74.67
Town planner,Retail,Decreasing,High," $1,07,318.63 ",Associate Degree,11,7251,1090,15.25,55.15,UK,23.99
"Engineer, civil (consulting)",Healthcare,Decreasing,Moderate," $1,01,322.09 ",Associate Degree,17,1044,8832,12.92,64.18,India,56.12
Audiological scientist,Transportation,Increasing,Low," $1,09,546.76 ",Master? Degree,8,5379,8913,82.13,80.62,UK,38.87
"Clinical scientist, histocompatibility and immunogenetics",Manufacturing,Decreasing,High," $1,42,660.31 ",Master? Degree,2,2377,7307,4.29,16.88,India,56.57
Music therapist,Education,Increasing,High," $1,22,569.29 ",High School,4,2661,5588,88.17,26.8,India,34.19
Advertising copywriter,Retail,Decreasing,High," $1,22,668.89 ",Bachelor? Degree,14,7291,7469,65.94,7.14,Brazil,74.45
Commercial horticulturist,Education,Decreasing,Low," $60,874.45 ",Associate Degree,14,5892,369,43.78,95.96,UK,56.8
Secondary school teacher,Finance,Increasing,Moderate," $49,705.11 ",PhD,4,5398,3531,20.77,60.11,Germany,49.88
"Production assistant, radio",Healthcare,Increasing,Low," $59,923.23 ",High School,1,8039,3829,55.19,48.57,China,78.99
Armed forces technical officer,Retail,Increasing,Moderate," $52,060.54 ",PhD,13,8317,9078,84.29,29.58,India,53.79
Youth worker,Retail,Decreasing,Moderate," $1,10,077.96 ",Master? Degree,18,4286,8248,24.27,20.75,USA,67.62
Special effects artist,Education,Decreasing,Moderate," $1,02,393.43 ",PhD,0,348,5612,86.55,18.51,India,48.47
Ceramics designer,Transportation,Increasing,High," $73,318.63 ",Associate Degree,11,1473,8555,41.11,57.59,Brazil,32.69
Animal technologist,Transportation,Decreasing,Moderate," $72,953.11 ",Master? Degree,3,1464,6938,54.24,1.9,Canada,44.82
Firefighter,IT,Increasing,Low," $34,082.78 ",High School,4,2163,6734,87.31,90.32,Canada,48.98
Charity fundraiser,Education,Increasing,High," $41,523.13 ",Bachelor? Degree,2,7568,9624,23.23,63.1,India,38.94
Jewellery designer,Retail,Increasing,High," $62,229.93 ",High School,15,3369,3297,87.85,21.83,Canada,43.89
Ecologist,IT,Decreasing,Moderate," $1,06,122.32 ",Associate Degree,17,5407,4631,43.99,4.91,India,42.53
Operations geologist,Entertainment,Increasing,High," $1,42,549.39 ",High School,5,7635,3586,8.59,70.67,USA,26.25
Patent attorney,Entertainment,Increasing,Low," $76,323.91 ",Associate Degree,18,1334,2198,12.72,21.4,China,32.51
Media buyer,Transportation,Decreasing,Low," $79,665.42 ",PhD,20,1527,5198,76.29,41.06,China,69.95
Tour manager,Finance,Increasing,High," $1,21,435.00 ",Associate Degree,5,6840,6963,1.36,93.49,UK,26.05
Higher education careers adviser,Finance,Increasing,Low," $1,24,663.97 ",Master? Degree,9,7445,9354,53.86,35.94,UK,75.44
Fitness centre manager,Transportation,Increasing,Moderate," $41,067.95 ",Bachelor? Degree,20,3104,7299,98.89,59.01,UK,69.5
Immunologist,IT,Decreasing,Low," $1,48,115.70 ",PhD,2,7341,8522,33.47,71.87,India,20.75
Contracting civil engineer,Finance,Increasing,High," $38,486.99 ",PhD,12,9860,1304,17.25,72.21,Canada,55.07
Surgeon,Healthcare,Increasing,High," $35,799.45 ",PhD,2,6281,447,55.15,87.52,Brazil,37.04
Environmental consultant,Transportation,Decreasing,Low," $54,495.60 ",Associate Degree,20,1830,3231,11.48,48.54,India,39.11
"Engineer, electrical",Manufacturing,Increasing,Low," $65,875.53 ",PhD,3,7659,7989,31.94,31.73,Brazil,58.24
"Surveyor, commercial/residential",IT,Decreasing,Low," $60,038.64 ",Bachelor? Degree,0,3922,327,52.4,88.22,India,26.59
Customer service manager,Finance,Increasing,Low," $50,955.44 ",Bachelor? Degree,20,2523,2066,74.75,76.44,Australia,79.71
Microbiologist,Entertainment,Decreasing,Moderate," $1,13,064.81 ",Bachelor? Degree,6,5766,1439,77.68,47.32,Germany,30.38
Secretary/administrator,Retail,Increasing,Low," $97,806.70 ",Master? Degree,4,1437,272,24.61,60.71,USA,28.52
Armed forces operational officer,Finance,Increasing,Moderate," $1,02,858.12 ",High School,20,2105,7045,42.29,10.19,USA,20.25
"Therapist, horticultural",Healthcare,Decreasing,Moderate," $82,449.59 ",PhD,11,8459,4383,19.56,46.59,Australia,30.99
Architect,Healthcare,Increasing,Low," $1,47,313.07 ",Bachelor? Degree,16,7292,2487,0.79,61.68,Germany,26.25
"Engineer, structural",Education,Increasing,High," $77,792.33 ",Bachelor? Degree,7,7836,6700,71.9,36.73,Australia,63.61
Trade union research officer,IT,Decreasing,High," $82,029.69 ",Master? Degree,8,3144,3121,55.22,98.23,Brazil,60.82
Radio producer,Finance,Increasing,Moderate," $1,05,560.54 ",Master? Degree,20,7406,3389,68.35,19.84,Brazil,48.26
Primary school teacher,Manufacturing,Decreasing,High," $1,37,071.80 ",High School,0,1171,8644,74.87,52.54,India,60.76
Site engineer,Finance,Increasing,Moderate," $50,632.02 ",Master? Degree,1,1868,6591,85.62,30.27,Australia,26.77
Electrical engineer,Manufacturing,Increasing,Moderate," $88,804.87 ",Bachelor? Degree,2,5614,3475,66.17,5.43,Germany,53.48
Armed forces logistics/support/administrative officer,Retail,Decreasing,Low," $1,13,965.96 ",Associate Degree,11,2103,3229,38.63,48.58,Germany,53.01
"Programmer, systems",Finance,Increasing,Low," $1,31,852.51 ",High School,9,1876,5623,20.29,7.3,UK,22.67
Archivist,Finance,Decreasing,High," $33,072.25 ",Master? Degree,7,2569,1514,83.28,83.87,Germany,52.41
Tourist information centre manager,Retail,Increasing,High," $46,195.73 ",Associate Degree,8,7005,8436,8.68,89.63,Brazil,77.46
Occupational therapist,Manufacturing,Increasing,Moderate," $82,210.61 ",PhD,20,7442,8558,47.66,20.84,Brazil,57.67
General practice doctor,Transportation,Increasing,High," $94,118.58 ",PhD,0,4069,5391,99.88,21.59,USA,37.47
Air cabin crew,Retail,Decreasing,Low," $96,498.83 ",Master? Degree,10,815,1655,50.9,46.38,USA,74.62
"Therapist, art",Retail,Decreasing,Moderate," $74,424.16 ",PhD,5,622,2406,47.96,53.24,USA,53.94
"Lighting technician, broadcasting/film/video",Education,Decreasing,High," $76,301.45 ",Bachelor? Degree,5,9510,9086,86.47,57.29,China,43.21
Herbalist,Manufacturing,Increasing,High," $1,06,276.67 ",Master? Degree,11,813,2546,95.92,50.01,India,64.31
Technical brewer,Education,Decreasing,Moderate," $1,14,843.48 ",PhD,12,9965,2903,91.98,43.49,Brazil,46.01
Water engineer,Entertainment,Decreasing,Moderate," $33,122.25 ",Bachelor? Degree,4,187,8383,21.9,8.62,USA,28.55
Clothing/textile technologist,Finance,Decreasing,Moderate," $1,28,177.18 ",Master? Degree,12,7678,5185,22.6,54.03,Brazil,33.84
Cabin crew,Retail,Decreasing,High," $93,530.19 ",Associate Degree,15,4742,4747,92.46,19.9,UK,53.04
Estate manager/land agent,Retail,Increasing,Moderate," $41,380.56 ",PhD,5,701,3748,72.19,22.63,Germany,47.46
Database administrator,Entertainment,Decreasing,High," $61,072.12 ",Bachelor? Degree,17,5028,7954,13.43,23.69,Brazil,59.66
"Teacher, music",Manufacturing,Decreasing,High," $1,47,474.55 ",PhD,17,3722,8025,95.69,54.06,Canada,66.61
Clinical embryologist,IT,Increasing,Moderate," $99,763.19 ",Associate Degree,16,6683,3285,74.98,71.29,Australia,37.61
Photographer,Retail,Increasing,Moderate," $39,219.27 ",Bachelor? Degree,19,3161,1466,89.91,91.28,Brazil,43.23
Consulting civil engineer,Transportation,Increasing,Low," $47,345.90 ",High School,15,5603,6775,71.4,85.49,China,76.68
"Designer, multimedia",Finance,Increasing,Low," $36,480.96 ",PhD,1,3400,2048,42.57,23.04,China,62.43
Architectural technologist,Education,Increasing,High," $1,12,692.04 ",High School,16,2870,9159,51.62,50.77,China,20.36
Acupuncturist,Retail,Decreasing,Low," $53,447.29 ",Bachelor? Degree,17,7125,470,85.94,78.62,Brazil,67.13
"Engineer, technical sales",Manufacturing,Increasing,Low," $66,531.98 ",Bachelor? Degree,20,6137,8584,80.82,20.06,China,60.05
"Engineer, mining",Healthcare,Decreasing,Low," $1,15,731.01 ",PhD,12,6625,5265,96.13,78.58,China,22.78
"Investment banker, operational",Education,Increasing,High," $48,522.58 ",PhD,2,3494,1524,89.76,88.44,UK,40.62
Manufacturing engineer,Transportation,Decreasing,Low," $95,483.65 ",High School,4,5842,2181,54.32,65.13,Germany,40.78
"Librarian, public",Education,Increasing,High," $1,45,028.73 ",High School,4,7767,669,48.68,94.53,Germany,60.52
Air broker,Transportation,Decreasing,Moderate," $1,34,199.76 ",Bachelor? Degree,9,5919,7865,6.29,73.96,India,37.44
Counselling psychologist,Finance,Increasing,Low," $1,29,086.95 ",Associate Degree,10,8436,7321,86.99,92.97,Australia,27
Quarry manager,Entertainment,Decreasing,High," $78,151.66 ",PhD,12,1542,224,93.08,38.05,China,27.12
Speech and language therapist,Finance,Decreasing,Low," $1,42,772.80 ",Associate Degree,6,8551,7427,1.56,14.37,UK,73.21
Ranger/warden,Retail,Increasing,Moderate," $77,414.15 ",Associate Degree,16,1135,1815,28.29,30.13,Brazil,22.82
Animal nutritionist,Retail,Decreasing,Low," $1,32,109.73 ",PhD,9,1393,5492,44.12,82.2,China,64.51
"Engineer, civil (contracting)",Finance,Increasing,High," $1,26,030.56 ",High School,16,6398,9686,10.28,45.75,India,67.3
Hospital pharmacist,IT,Increasing,Low," $63,660.78 ",High School,8,6427,2431,35.98,45.38,Germany,64.92
Police officer,Healthcare,Increasing,Low," $73,217.20 ",Bachelor? Degree,14,1024,4511,36.72,75.12,USA,79.33
Research scientist (maths),Healthcare,Increasing,Moderate," $94,919.80 ",Bachelor? Degree,12,1339,8007,18.1,67.66,India,31.77
Radiation protection practitioner,Education,Decreasing,Moderate," $56,786.75 ",Bachelor? Degree,2,6513,5031,84.53,97.18,Brazil,61.5
Advice worker,Entertainment,Increasing,Moderate," $1,43,518.25 ",Bachelor? Degree,3,4866,2662,30.27,46.55,Canada,53.4
Meteorologist,Finance,Increasing,Low," $59,422.00 ",Associate Degree,19,4293,8258,62.32,66.46,China,70.41
"Administrator, local government",Education,Increasing,Moderate," $1,08,313.35 ",PhD,11,3020,7776,72.28,52.13,China,47.94
Museum/gallery conservator,IT,Decreasing,High," $1,15,733.83 ",Master? Degree,8,245,1348,82.8,82.18,USA,51.48
Technical author,Transportation,Increasing,Low," $74,976.70 ",PhD,9,6805,8708,54.31,48.3,Germany,59.53
Multimedia specialist,IT,Increasing,Moderate," $45,128.70 ",PhD,17,3983,4328,28.97,59.57,Germany,62.93
Counsellor,Retail,Increasing,High," $86,685.95 ",High School,3,2123,8756,6.46,98.3,China,21.56
"Engineer, maintenance (IT)",Entertainment,Decreasing,Low," $65,110.03 ",Associate Degree,20,9241,7360,97.91,61.47,Germany,32.58
Fish farm manager,Healthcare,Decreasing,Moderate," $95,591.96 ",Bachelor? Degree,19,5099,3767,3.67,29.38,UK,66.3
Ambulance person,Entertainment,Increasing,Low," $1,15,218.06 ",Master? Degree,11,5664,726,79.7,14.22,Germany,54.18
Multimedia programmer,Manufacturing,Decreasing,High," $91,153.53 ",Bachelor? Degree,17,5543,7847,42.83,97.81,China,45.09
Higher education lecturer,Manufacturing,Increasing,Moderate," $39,821.63 ",Master? Degree,9,8656,1839,18.11,68.75,Australia,48.13
Quantity surveyor,Manufacturing,Increasing,High," $95,652.17 ",Master? Degree,18,2147,200,91.86,39.85,China,79.28
Senior tax professional/tax inspector,Healthcare,Decreasing,High," $68,534.60 ",Associate Degree,0,2239,2287,16.95,11.31,UK,35.16
Interpreter,Education,Increasing,Moderate," $1,00,364.95 ",High School,9,3614,7433,83.06,9.25,UK,57.36
Animator,Finance,Increasing,Low," $56,683.32 ",Master? Degree,7,9468,1197,73.55,12.79,UK,33.48
"Exhibitions officer, museum/gallery",Entertainment,Increasing,Moderate," $40,113.86 ",PhD,1,5842,4041,99.69,29.24,India,43.07
Museum/gallery exhibitions officer,Finance,Decreasing,High," $1,22,712.77 ",PhD,13,7452,533,38.31,12.64,Germany,57.39
Press sub,Manufacturing,Increasing,Low," $1,38,559.19 ",PhD,2,1865,7124,8.34,6.68,Germany,78.01
Automotive engineer,Healthcare,Increasing,Low," $1,11,482.46 ",Bachelor? Degree,3,7139,2848,72.38,85.15,China,61.77
Contractor,Education,Decreasing,Low," $44,542.32 ",Associate Degree,12,3008,5292,93.08,56.09,Germany,55.49
"Scientist, research (maths)",Healthcare,Decreasing,High," $1,32,375.17 ",Bachelor? Degree,11,847,9885,81.56,1.97,USA,79.69
Horticultural consultant,Finance,Increasing,High," $1,37,288.73 ",PhD,10,7120,7702,9.61,26.54,China,35.75
Careers adviser,Entertainment,Decreasing,Low," $95,635.67 ",Bachelor? Degree,0,6192,575,8.04,11.56,Australia,68.89
Paediatric nurse,Manufacturing,Increasing,Low," $1,03,114.26 ",Associate Degree,6,4262,7171,27.99,72.44,Germany,64.8
Research scientist (physical sciences),Finance,Decreasing,High," $1,29,182.71 ",PhD,11,9680,9221,56.75,46.68,USA,54.16
"Programmer, applications",Education,Increasing,Low," $1,24,163.37 ",PhD,10,6069,2051,92.95,26.41,UK,64.49
Child psychotherapist,IT,Decreasing,High," $86,255.49 ",Bachelor? Degree,19,6848,6126,78.17,6.46,China,21.4
Early years teacher,Healthcare,Decreasing,Low," $98,270.84 ",Associate Degree,14,2100,4815,78,3.09,USA,35.38
Statistician,Education,Decreasing,Moderate," $66,108.46 ",Master? Degree,19,5190,9121,78.7,11.59,Germany,79.76
Advertising account executive,Retail,Increasing,Moderate," $79,247.56 ",Bachelor? Degree,18,148,4850,97.16,63.98,USA,52.83
Electronics engineer,Finance,Decreasing,High," $1,35,527.80 ",Master? Degree,13,1496,6566,48.89,91.28,Canada,20.47
Advertising account planner,Healthcare,Increasing,Low," $1,03,605.72 ",PhD,19,8653,9418,82.02,16.14,Brazil,73.22
Ergonomist,IT,Decreasing,High," $1,25,240.22 ",Bachelor? Degree,20,3266,7064,90.05,75.5,Germany,64.37
Community arts worker,Education,Decreasing,Low," $84,259.31 ",Bachelor? Degree,18,4979,5010,81.84,82.85,Germany,51.08
Accounting technician,Manufacturing,Increasing,Moderate," $1,43,698.64 ",High School,19,7183,880,26.95,62.03,Brazil,69.01
Magazine features editor,Finance,Decreasing,Moderate," $1,37,199.79 ",Master? Degree,10,2277,424,5.01,60,UK,34.43
"Engineer, building services",Education,Decreasing,High," $66,477.58 ",Associate Degree,11,9791,2123,54.69,50.28,USA,20.69
Bookseller,Entertainment,Increasing,Moderate," $89,906.41 ",Bachelor? Degree,11,3007,8110,82.73,52.83,India,50.56
Cartographer,Healthcare,Increasing,High," $1,31,835.84 ",PhD,16,6314,3279,65.18,86.96,UK,42.78
Pensions consultant,IT,Increasing,Moderate," $72,306.22 ",PhD,4,1169,9952,93.25,52.89,USA,45.55
"Designer, ceramics/pottery",IT,Increasing,Moderate," $90,734.30 ",High School,20,9306,2830,65.81,29.91,Brazil,52
Dramatherapist,Entertainment,Increasing,Moderate," $1,02,041.25 ",Associate Degree,4,7973,2664,21.48,97.04,USA,67.23
Training and development officer,Finance,Decreasing,High," $31,374.53 ",PhD,5,2519,1191,42.86,78.34,China,62.35
Museum education officer,Education,Decreasing,High," $1,06,745.24 ",Master? Degree,19,5590,5737,95.49,44.25,China,74.34
"Therapist, music",Entertainment,Increasing,High," $1,18,420.93 ",Master? Degree,3,3071,6973,70.01,82.6,Canada,22.32
Materials engineer,Healthcare,Decreasing,Moderate," $1,48,555.76 ",Bachelor? Degree,3,5613,3240,93.38,19.31,Australia,41.79
Clinical biochemist,Manufacturing,Decreasing,Low," $42,568.43 ",Bachelor? Degree,20,659,5208,33.03,25.62,Canada,61.79
Chiropodist,Retail,Increasing,Low," $90,116.03 ",High School,5,2667,1438,34.08,65.15,India,56.94
"Journalist, broadcasting",Finance,Increasing,High," $64,897.31 ",PhD,11,4540,1996,97.81,89.6,Germany,77.22
Industrial buyer,IT,Decreasing,High," $1,02,496.94 ",Associate Degree,16,2846,5782,1.07,73.08,UK,41.77
Legal executive,Healthcare,Decreasing,Moderate," $73,567.18 ",Bachelor? Degree,1,8806,833,7.78,47.06,Germany,20.12
"Doctor, hospital",IT,Increasing,Low," $1,22,469.19 ",Bachelor? Degree,6,309,5365,42.61,72,USA,73.35
Risk manager,IT,Increasing,Moderate," $54,937.19 ",High School,10,6872,2619,25.13,98.3,China,28.15
Recycling officer,IT,Increasing,Moderate," $68,625.46 ",PhD,12,103,8879,99.67,31.94,Brazil,57.07
Travel agency manager,Transportation,Decreasing,High," $1,40,291.84 ",Master? Degree,7,5362,2577,55.41,68.83,China,69.32
"Teacher, secondary school",Entertainment,Decreasing,High," $1,32,906.71 ",High School,12,8912,3043,94.05,84.35,China,55.72
Community pharmacist,Manufacturing,Increasing,Moderate," $90,408.82 ",High School,6,5240,4210,90.61,13.4,China,74.61
Publishing rights manager,Finance,Decreasing,Moderate," $80,883.54 ",Associate Degree,4,5986,4880,39.83,48.48,Brazil,31.23
Volunteer coordinator,Retail,Decreasing,Moderate," $1,13,666.81 ",PhD,20,8957,9590,50.64,64.08,UK,76.18
Musician,Transportation,Decreasing,Moderate," $1,30,024.39 ",Associate Degree,3,7274,9294,73.46,84.23,India,43.97
"Sales professional, IT",Manufacturing,Increasing,High," $62,876.30 ",Master? Degree,20,1271,3010,94.16,17.6,China,30.86
Retail banker,Entertainment,Increasing,Moderate," $46,069.15 ",Master? Degree,16,5443,7004,73.4,84.6,Australia,62.57
Games developer,Healthcare,Decreasing,High," $99,597.50 ",Bachelor? Degree,17,2428,7840,58.46,62.17,Canada,55.81
"Accountant, chartered",Finance,Decreasing,Moderate," $85,551.09 ",Bachelor? Degree,11,5257,9137,15.02,4.84,China,49.9
"Teacher, primary school",IT,Decreasing,Moderate," $78,732.58 ",Bachelor? Degree,14,2830,9661,56.16,92.38,India,77.44
IT sales professional,IT,Increasing,Low," $96,283.60 ",Associate Degree,18,5754,2434,94.27,35.21,India,44.54
Theatre stage manager,Manufacturing,Decreasing,Moderate," $89,456.87 ",Master? Degree,12,8086,4981,93.93,22.39,Brazil,42.09
Museum/gallery curator,IT,Increasing,Low," $1,34,691.05 ",PhD,19,3828,6111,23.21,17.78,USA,65.8
Petroleum engineer,Healthcare,Decreasing,Moderate," $47,291.39 ",PhD,4,9874,8279,44.42,36.64,India,39.32
Health service manager,Education,Increasing,Moderate," $1,09,893.39 ",Associate Degree,7,2214,3221,52.37,98.7,India,60.35
Planning and development surveyor,Finance,Decreasing,High," $1,20,998.27 ",PhD,7,9965,5384,73.99,70.91,Canada,59.41
Estate agent,Manufacturing,Decreasing,High," $1,29,191.86 ",Bachelor? Degree,19,5930,1998,19.42,29.27,USA,38.27
"Scientist, research (life sciences)",Manufacturing,Decreasing,Moderate," $30,183.23 ",High School,13,1702,3499,53.44,32.95,China,36.23
"Surveyor, mining",Transportation,Increasing,High," $1,33,839.11 ",Bachelor? Degree,3,4087,6573,77.49,97.02,USA,21.32
"Producer, radio",IT,Increasing,Moderate," $1,49,177.06 ",Bachelor? Degree,2,6372,7684,91.13,96.09,Brazil,22.37
"Engineer, materials",Healthcare,Decreasing,High," $1,28,939.27 ",Bachelor? Degree,3,4674,940,90.24,35.11,Australia,69.63
Public librarian,Manufacturing,Decreasing,High," $1,12,694.29 ",Bachelor? Degree,0,7127,786,41.21,38.49,Germany,31.11
Drilling engineer,Finance,Decreasing,Moderate," $1,17,168.13 ",Master? Degree,19,1803,6270,14.21,64.99,UK,73.77
Economist,IT,Increasing,Low," $85,839.95 ",Master? Degree,7,370,8428,16.21,20.95,USA,24.91
Farm manager,Healthcare,Decreasing,Moderate," $1,22,482.55 ",Bachelor? Degree,18,6336,9949,25.45,87.64,Australia,69.66
Location manager,Transportation,Increasing,Low," $1,28,987.36 ",High School,10,316,6617,43.49,87.46,UK,71.1
Amenity horticulturist,Education,Increasing,High," $1,44,279.99 ",High School,6,581,6806,16.19,11.67,Germany,71.64
Special educational needs teacher,Education,Increasing,Low," $1,03,008.10 ",Bachelor? Degree,20,9655,8179,14.69,97.36,Brazil,23.19
Mental health nurse,Education,Decreasing,High," $63,364.07 ",PhD,8,9737,3603,51.88,81.05,Brazil,24.48
Hydrologist,Transportation,Increasing,Low," $1,06,420.71 ",Bachelor? Degree,20,6636,6527,1.66,49.82,Canada,40.94
Bonds trader,Manufacturing,Increasing,Moderate," $1,29,374.84 ",Associate Degree,18,7815,9402,75.29,70.53,India,79.53
Product manager,Healthcare,Increasing,Low," $1,23,066.75 ",PhD,2,9481,4889,56,63.09,China,22.03
"Production assistant, television",Entertainment,Increasing,Low," $1,09,282.35 ",Associate Degree,3,994,1417,24.76,4.89,China,55.65
Minerals surveyor,Finance,Increasing,Moderate," $49,382.62 ",Bachelor? Degree,1,3742,4073,79.82,91.02,India,38.2
"Engineer, chemical",Finance,Increasing,Moderate," $66,741.46 ",Master? Degree,13,2992,3517,62.79,5.14,Canada,46.21
Environmental health practitioner,Healthcare,Increasing,Low," $99,117.62 ",High School,18,765,3065,85.55,40.52,Germany,77.9
"Teacher, early years/pre",Healthcare,Decreasing,Low," $1,23,289.32 ",Master? Degree,18,6949,1766,10.19,40.26,Germany,67.83
"Scientist, product/process development",Healthcare,Increasing,Low," $88,443.27 ",PhD,16,121,8613,5.53,15.39,Germany,55.01
Civil Service fast streamer,Transportation,Increasing,Moderate," $1,27,590.49 ",Associate Degree,5,1028,2850,80.8,86.4,Australia,64.9
Hospital doctor,Retail,Increasing,Low," $68,766.22 ",Master? Degree,4,2402,6663,72.03,98.8,China,29.92
Aid worker,IT,Increasing,High," $65,837.11 ",Bachelor? Degree,3,9480,7096,96.22,20.69,Canada,23.03
Chartered accountant,Manufacturing,Increasing,Low," $50,235.18 ",Bachelor? Degree,20,8311,9401,86.15,63.28,Australia,31.36
Chief of Staff,Manufacturing,Decreasing,Moderate," $98,958.74 ",Bachelor? Degree,17,7923,1834,98.04,67.52,USA,46
"Scientist, biomedical",Retail,Decreasing,Low," $1,25,383.44 ",Associate Degree,0,618,8944,93.99,40.74,USA,61.43
"Designer, fashion/clothing",Healthcare,Decreasing,Low," $1,13,297.32 ",Associate Degree,8,9548,7281,82.78,79.61,USA,27.5
Information systems manager,Transportation,Increasing,High," $1,13,991.59 ",Associate Degree,12,7530,390,69.98,87.79,USA,71.88
Broadcast presenter,Finance,Increasing,Low," $76,181.86 ",High School,6,6281,7520,49.96,12.27,Brazil,20.76
Physiotherapist,Finance,Increasing,Low," $54,341.13 ",Associate Degree,17,6967,6939,69.48,10.07,Germany,44.41
Oceanographer,Manufacturing,Increasing,High," $70,841.05 ",Bachelor? Degree,11,4046,1708,37.3,7.09,Australia,33.01
Interior and spatial designer,IT,Increasing,Low," $94,442.20 ",Master? Degree,12,7885,4787,92.82,8.66,USA,68.68
"Engineer, manufacturing systems",Transportation,Decreasing,High," $1,49,781.35 ",PhD,8,331,9524,68.44,76.12,China,37.94
Charity officer,Education,Increasing,Moderate," $77,432.87 ",High School,3,152,5053,13.01,80.8,India,53.82
Tax inspector,Education,Decreasing,Low," $1,44,115.67 ",Bachelor? Degree,3,5237,2017,96.21,85.85,Canada,49.69
Commissioning editor,Retail,Increasing,High," $47,537.77 ",Bachelor? Degree,6,4198,7195,2.01,70.85,India,65.91
Theatre manager,Manufacturing,Increasing,High," $44,557.58 ",Bachelor? Degree,7,8600,8451,49.05,83.13,Brazil,65.64
Sales promotion account executive,Finance,Decreasing,Low," $34,014.29 ",Bachelor? Degree,4,9153,4251,72.94,70.21,India,48.75
Health promotion specialist,Transportation,Increasing,Low," $82,613.90 ",Master? Degree,19,8168,247,94.57,80.17,USA,78.47
Mechanical engineer,Healthcare,Decreasing,High," $1,39,546.53 ",Master? Degree,2,8634,6057,20.93,36.43,India,23.45
Public relations officer,Healthcare,Decreasing,Moderate," $1,14,687.70 ",High School,17,1573,4576,39.34,59.74,USA,32.08
Television production assistant,Healthcare,Decreasing,High," $1,16,137.46 ",Master? Degree,20,6994,7015,90.45,94.18,Canada,72.82
Clinical psychologist,Education,Decreasing,High," $65,559.22 ",Associate Degree,8,3836,7536,98.5,44.05,Australia,70.7
"Buyer, industrial",Entertainment,Decreasing,Low," $97,707.95 ",Associate Degree,19,3744,7692,80.78,8.84,India,33.25
Geochemist,Finance,Decreasing,Low," $1,25,897.70 ",Master? Degree,14,2633,6432,9.43,12.37,Germany,51.42
"Designer, jewellery",Transportation,Decreasing,Moderate," $1,12,131.52 ",High School,0,224,8836,66.38,49.41,USA,28.07
Psychiatrist,Education,Increasing,Moderate," $62,451.48 ",Bachelor? Degree,7,888,1424,56.65,60.73,USA,57.72
"Surveyor, land/geomatics",Entertainment,Increasing,Moderate," $40,789.83 ",Associate Degree,0,9761,5197,34.55,4.13,USA,41.54
Health and safety inspector,Finance,Decreasing,High," $80,088.65 ",PhD,1,2618,8552,42.17,85.67,China,32.31
Hydrogeologist,Transportation,Decreasing,Moderate," $1,36,572.76 ",Associate Degree,9,3166,1962,95.26,2.92,Canada,71.56
Professor Emeritus,Education,Decreasing,Low," $97,488.67 ",High School,15,6982,2981,64.6,50.43,Canada,78.54
Systems developer,Healthcare,Decreasing,High," $41,201.94 ",High School,10,4649,7882,14.39,51.91,Brazil,22.4
"Civil engineer, contracting",Education,Decreasing,Low," $1,31,949.79 ",Associate Degree,10,2686,5686,55.48,60.19,China,54.35
Psychotherapist,Education,Increasing,High," $79,089.30 ",PhD,15,7630,8829,34.24,73.65,Australia,31.35
Social worker,Transportation,Increasing,Low," $48,640.55 ",PhD,9,9839,2285,84.16,86.6,USA,42.18
"Producer, television/film/video",Manufacturing,Decreasing,Low," $77,192.80 ",Bachelor? Degree,5,8599,5317,6.09,89.44,Australia,68.48
Building surveyor,Transportation,Increasing,Low," $62,828.37 ",Bachelor? Degree,6,4099,6401,79.93,71.86,USA,29.77
Radio broadcast assistant,Retail,Decreasing,High," $51,791.67 ",PhD,1,8219,8073,84.11,13.02,Brazil,23.01
Lexicographer,Entertainment,Increasing,Low," $55,760.02 ",Associate Degree,12,503,1346,67.15,96.86,Australia,75.13
"Research officer, political party",Education,Decreasing,High," $59,454.94 ",High School,19,6704,5261,0.23,8.69,India,56.43
Educational psychologist,Finance,Increasing,Moderate," $42,488.01 ",Associate Degree,5,402,6340,51.41,83.34,USA,53.99
Comptroller,IT,Decreasing,High," $77,281.53 ",Master? Degree,5,2875,7619,18.72,2.01,Canada,60.24
"Lecturer, higher education",Manufacturing,Decreasing,High," $1,37,571.97 ",Master? Degree,9,1122,3444,69.87,86.68,China,64.01
Probation officer,Finance,Decreasing,High," $1,30,153.62 ",Bachelor? Degree,18,6479,5918,5.12,50.34,India,77.22
Science writer,Transportation,Decreasing,Moderate," $1,13,793.89 ",Master? Degree,16,7508,2627,63.25,76.79,USA,26.47
"Sound technician, broadcasting/film/video",Manufacturing,Increasing,Moderate," $1,07,858.12 ",Associate Degree,4,1568,2277,45.49,8.58,Australia,29.3
Exercise physiologist,Manufacturing,Decreasing,Moderate," $38,098.44 ",PhD,15,4561,9745,29.47,65,China,21.37
Sport and exercise psychologist,Transportation,Decreasing,Moderate," $34,634.36 ",High School,9,1445,8431,39.76,0.15,Canada,42.83
Careers information officer,IT,Increasing,Low," $44,616.29 ",Master? Degree,0,8759,1961,21.95,78.18,USA,65.01
Illustrator,Entertainment,Decreasing,Moderate," $1,09,252.44 ",Master? Degree,19,3532,2877,68.64,12.1,India,64.88
Medical illustrator,Retail,Decreasing,Moderate," $50,387.37 ",High School,7,9588,3110,54.35,78.2,China,54.6
Marine scientist,Healthcare,Increasing,Low," $62,145.09 ",Bachelor? Degree,20,908,5230,53.9,29.02,USA,67.75
Futures trader,Finance,Decreasing,Low," $65,680.54 ",Master? Degree,3,4224,8820,10.11,85.45,Canada,49.52
"Teacher, English as a foreign language",Manufacturing,Decreasing,Moderate," $68,860.07 ",Associate Degree,5,1268,4689,85.42,0.96,Brazil,45.28
Chief Marketing Officer,Education,Increasing,Low," $41,908.92 ",PhD,7,4748,4606,48.77,69.33,Germany,69.85
Geophysical data processor,Transportation,Decreasing,Moderate," $1,39,500.27 ",PhD,3,9702,8480,9.99,7.32,Brazil,63.4
"Nurse, learning disability",IT,Decreasing,High," $62,613.61 ",PhD,17,243,6694,77.06,88.97,UK,32.52
"Psychologist, occupational",Entertainment,Decreasing,Low," $1,20,206.90 ",Associate Degree,15,9481,2028,19.19,20.33,Australia,39.56
Garment/textile technologist,Manufacturing,Increasing,Low," $81,958.04 ",Bachelor? Degree,20,4340,5232,98.37,46.01,India,61.1
Editorial assistant,Education,Decreasing,Low," $71,644.15 ",High School,4,3045,1378,81.55,3.23,China,25.9
"Psychologist, forensic",IT,Decreasing,Low," $65,452.56 ",Bachelor? Degree,6,4803,5188,54.95,27.81,China,47.25
Information officer,Entertainment,Decreasing,High," $63,922.67 ",Associate Degree,8,3749,3871,23.78,45.19,India,27.49
Chiropractor,Retail,Increasing,High," $39,063.23 ",Master? Degree,16,7619,171,25.96,4.57,Germany,29.78
"Journalist, magazine",Transportation,Decreasing,Low," $87,747.13 ",Master? Degree,5,5541,8177,11.37,59.36,China,28
Corporate investment banker,Healthcare,Increasing,Moderate," $56,050.88 ",Master? Degree,12,9185,7504,15.08,44.12,USA,49.53
Transport planner,Finance,Increasing,Moderate," $43,050.93 ",PhD,4,3427,8781,12.68,55.56,Germany,72.34
Optometrist,Healthcare,Increasing,Moderate," $89,305.37 ",Associate Degree,0,1614,9361,88.12,67.51,UK,45.37
"Conservator, museum/gallery",Healthcare,Increasing,Moderate," $51,527.99 ",Master? Degree,20,7946,6972,77.38,99.61,UK,70.92
Public affairs consultant,IT,Increasing,Moderate," $73,645.29 ",Master? Degree,2,7217,9462,90.12,19.41,India,73.35
"Education officer, community",Retail,Increasing,Moderate," $32,140.99 ",High School,1,9634,8178,20.35,20.01,Germany,50.43
Purchasing manager,Transportation,Decreasing,Moderate," $66,231.58 ",PhD,15,5653,1325,34.42,89.8,Canada,38.19
"Secretary, company",Education,Decreasing,Low," $1,33,084.20 ",PhD,14,9564,4801,29.58,28.42,China,73.46
Commercial/residential surveyor,Healthcare,Decreasing,Low," $94,934.48 ",Bachelor? Degree,10,5678,7480,95.53,39.62,Australia,40.99
Chartered legal executive (England and Wales),Manufacturing,Decreasing,High," $1,39,024.13 ",High School,13,6436,1219,78.76,10.96,Brazil,25.5
Medical physicist,Retail,Increasing,Moderate," $83,524.45 ",Master? Degree,19,8799,9420,17.1,37.49,Brazil,22.31
"Psychologist, educational",Healthcare,Increasing,Low," $75,665.84 ",High School,1,6975,2558,63.71,78.49,UK,49.24
Sales executive,Education,Decreasing,Low," $1,44,257.70 ",PhD,4,6096,4151,54.2,10.86,China,74.59
"Surveyor, quantity",Manufacturing,Increasing,High," $1,23,017.67 ",PhD,1,2378,6460,79.2,41.47,Germany,26.5
Management consultant,IT,Increasing,High," $68,891.87 ",High School,3,9585,1503,61.87,90.19,India,37.78
Solicitor,Entertainment,Decreasing,Low," $1,15,281.07 ",Master? Degree,12,8567,8361,29.52,13.8,India,56.75
Patent examiner,Retail,Decreasing,High," $1,06,521.39 ",High School,16,6378,2712,7.23,38.35,Australia,24.4
Television floor manager,Transportation,Decreasing,Low," $95,073.76 ",Master? Degree,14,8923,3341,57.45,31.6,Canada,64.62
"Administrator, Civil Service",Finance,Increasing,High," $99,419.25 ",Bachelor? Degree,19,2537,7227,7.68,32.85,Canada,50.99
Building services engineer,Manufacturing,Decreasing,Low," $1,06,242.33 ",Bachelor? Degree,7,8411,6111,20.71,90,USA,56.66
Osteopath,Retail,Decreasing,High," $1,08,839.99 ",Master? Degree,11,8931,2724,66.68,8.43,China,29.22
Fashion designer,IT,Decreasing,High," $31,264.17 ",High School,6,3894,6101,50.28,22.59,Canada,31.9
Water quality scientist,Retail,Increasing,High," $1,20,788.88 ",Bachelor? Degree,12,5610,2951,4.67,19.99,USA,43.69
Environmental manager,Retail,Increasing,Low," $85,227.63 ",PhD,20,9148,2747,26.01,59.23,India,79.13
"Buyer, retail",Entertainment,Decreasing,Moderate," $60,342.53 ",PhD,8,1702,832,10.92,87.85,Australia,33.02
Energy engineer,Manufacturing,Decreasing,Low," $88,002.93 ",Master? Degree,19,2793,7768,71.61,25.62,Canada,51.03
Archaeologist,Healthcare,Increasing,High," $36,465.96 ",High School,9,4389,330,45.71,79.35,Brazil,67.86
"Psychotherapist, child",Manufacturing,Decreasing,Low," $48,004.97 ",Associate Degree,7,1550,1620,28.78,43.14,USA,59.43
Building control surveyor,Manufacturing,Decreasing,High," $62,623.89 ",Associate Degree,2,4898,6761,19.48,3.99,China,59.89
Naval architect,Transportation,Decreasing,Low," $35,935.22 ",PhD,10,3435,3299,7.44,66.13,Canada,52.06
"Engineer, drilling",Transportation,Decreasing,Low," $1,43,305.40 ",Bachelor? Degree,17,3774,6970,12.72,78.79,Australia,49.46
Occupational psychologist,Manufacturing,Increasing,High," $89,617.24 ",Associate Degree,15,6654,5831,34.17,77.19,Canada,28.27
Medical laboratory scientific officer,Healthcare,Decreasing,Low," $63,437.39 ",Associate Degree,16,6159,3467,48.27,52.23,UK,77.24
Academic librarian,Healthcare,Decreasing,Low," $40,729.43 ",Bachelor? Degree,13,1417,9601,83.49,57.12,Canada,55.18
"Radiographer, diagnostic",Entertainment,Increasing,High," $1,28,467.07 ",Bachelor? Degree,16,462,8424,44.83,65.12,USA,25.09
Colour technologist,Transportation,Increasing,Moderate," $1,09,565.66 ",PhD,0,8303,5377,40.31,33.34,China,58.37
Chartered certified accountant,IT,Increasing,Moderate," $83,906.18 ",Master? Degree,0,8130,2071,30.34,95.01,China,25.72
Actuary,Entertainment,Increasing,Moderate," $62,186.16 ",High School,19,182,8037,84.43,27.99,China,58.94
Plant breeder/geneticist,Education,Decreasing,High," $70,067.45 ",Master? Degree,20,946,8811,20.67,37.67,Germany,33.83
Barista,Entertainment,Increasing,High," $1,42,840.61 ",Associate Degree,11,5610,5451,9.41,20.33,Brazil,51.32
"Engineer, broadcasting (operations)",IT,Decreasing,Moderate," $80,480.13 ",Bachelor? Degree,0,2713,2476,25.81,76.13,UK,61.66
Financial risk analyst,Healthcare,Decreasing,Low," $1,19,977.32 ",Master? Degree,19,2077,6177,71.61,52.02,Australia,52.77
Forest/woodland manager,Finance,Decreasing,High," $1,05,233.70 ",High School,9,3848,2546,38.61,1.73,China,70.52
Sub,Finance,Decreasing,Low," $91,900.06 ",High School,10,8303,7436,35.09,5.35,China,52.42
"Librarian, academic",Finance,Increasing,Low," $90,159.08 ",High School,13,5472,1666,57.17,70.32,Brazil,24.85
Web designer,Education,Decreasing,Low," $1,44,317.34 ",Master? Degree,16,1551,1402,25.23,77.23,UK,71.83
Furniture designer,Transportation,Increasing,Moderate," $60,226.26 ",PhD,18,3136,7814,41.16,5.14,UK,32.81
Government social research officer,Transportation,Decreasing,High," $1,04,989.60 ",Associate Degree,0,840,3626,51.54,69.4,Australia,37.45
"Editor, magazine features",IT,Increasing,Low," $1,40,056.08 ",PhD,18,9516,7418,23.39,28.67,India,32.21
"Administrator, charities/voluntary organisations",Finance,Decreasing,High," $39,242.47 ",Bachelor? Degree,20,5488,8052,57.07,97.17,UK,52.57
Translator,Healthcare,Decreasing,Low," $1,06,460.52 ",Associate Degree,4,9502,3122,38.93,71.69,China,25.44
"Engineer, control and instrumentation",Manufacturing,Decreasing,Low," $37,715.93 ",High School,8,6880,7482,87.66,88.04,Brazil,74.54
Gaffer,Retail,Increasing,Low," $1,48,493.85 ",PhD,12,6687,6423,51.51,74.59,India,72.63
"Programmer, multimedia",Healthcare,Increasing,Moderate," $95,899.74 ",Master? Degree,2,8853,1145,87.91,52.17,UK,71.72
Industrial/product designer,Entertainment,Decreasing,High," $50,502.95 ",Associate Degree,13,2136,8218,51.21,86.25,Brazil,24.68
"Education officer, environmental",Transportation,Increasing,Moderate," $90,938.74 ",Associate Degree,0,8725,2503,96.23,24.49,UK,65.31
English as a second language teacher,Manufacturing,Decreasing,Moderate," $1,09,081.24 ",Master? Degree,10,7048,665,10.19,62.12,USA,46.52
"Surveyor, planning and development",Finance,Increasing,Moderate," $63,329.32 ",High School,14,163,7028,59.64,27.27,India,50.07
Civil Service administrator,Finance,Increasing,Low," $60,143.84 ",Bachelor? Degree,7,2753,4443,60.56,75.62,USA,71.89
Curator,Entertainment,Increasing,Moderate," $64,311.23 ",Master? Degree,9,6612,1252,97.37,5.69,USA,60.39
Community development worker,Retail,Increasing,Low," $84,371.74 ",PhD,17,9791,3402,43.32,73.19,USA,20.74
"Engineer, production",Transportation,Decreasing,Moderate," $93,673.03 ",High School,5,4477,6320,65.98,87.78,India,44.31
Geographical information systems officer,Finance,Decreasing,Moderate," $38,284.38 ",High School,8,1764,4955,15.24,24.72,Canada,47.89
"Solicitor, Scotland",Retail,Decreasing,Moderate," $87,186.36 ",Bachelor? Degree,8,6764,9989,72.65,30.35,UK,38.28
Veterinary surgeon,Entertainment,Decreasing,Low," $87,119.06 ",Master? Degree,18,1975,5948,22.05,29.9,UK,36.56
"Psychologist, sport and exercise",Education,Decreasing,Low," $89,727.55 ",Bachelor? Degree,12,7994,1472,83.5,5.68,China,47.18
IT consultant,Entertainment,Decreasing,Moderate," $1,35,276.07 ",Associate Degree,11,5621,6422,0.07,52.27,Australia,44.57
Print production planner,Education,Decreasing,High," $1,30,871.86 ",Master? Degree,7,2194,6379,96.14,50.45,Australia,50.35
Local government officer,IT,Increasing,Moderate," $1,33,453.93 ",Master? Degree,3,1352,3958,88.56,20.17,Brazil,66.22
Sports therapist,Healthcare,Decreasing,Low," $59,962.34 ",Associate Degree,5,7344,6858,63.59,83.58,Canada,79.74
Fine artist,Education,Increasing,Low," $62,975.11 ",Associate Degree,4,7938,6743,96.04,70.53,UK,71.29
Orthoptist,Healthcare,Decreasing,High," $56,611.30 ",Associate Degree,8,6166,4654,13.55,78.41,UK,22.96
"Pilot, airline",Transportation,Decreasing,High," $47,009.22 ",PhD,15,7291,4078,91.42,56.96,India,71.53
Geophysicist/field seismologist,Healthcare,Decreasing,Moderate," $1,03,627.60 ",High School,14,9490,6403,83.93,1.58,UK,48.68
Product designer,Entertainment,Increasing,High," $57,446.78 ",Bachelor? Degree,6,7121,7006,79.33,31.76,China,67.19
Land,Retail,Increasing,High," $1,05,924.77 ",Bachelor? Degree,18,5782,6496,11.38,87.26,UK,63.42
Horticultural therapist,Transportation,Increasing,Moderate," $64,465.34 ",High School,20,4924,3463,44.24,38.43,Australia,55.81
Chemical engineer,Transportation,Decreasing,Moderate," $30,176.11 ",High School,5,8442,1097,55.1,71.76,Australia,72.92
"Geneticist, molecular",Manufacturing,Decreasing,High," $31,319.64 ",Bachelor? Degree,11,9768,1504,8.82,1.53,USA,68.06
"Radiographer, therapeutic",Entertainment,Decreasing,High," $52,743.28 ",High School,1,3712,8358,84,3.38,Canada,78.1
"Administrator, sports",Retail,Decreasing,Low," $1,14,897.28 ",PhD,20,1822,7922,70.5,26.55,Canada,21.11
Insurance broker,Transportation,Increasing,High," $1,30,006.93 ",Associate Degree,19,5924,2728,86.45,4.25,Canada,79.65
"Nurse, children's",IT,Increasing,Low," $37,377.43 ",Bachelor? Degree,11,3736,3134,1.39,27.79,UK,61.1
"Loss adjuster, chartered",Manufacturing,Increasing,Moderate," $87,996.37 ",Associate Degree,5,5752,9402,5.14,76.24,China,66.7
Communications engineer,Entertainment,Decreasing,High," $1,22,827.52 ",Associate Degree,4,7785,2062,94.92,40.16,USA,29.01
Claims inspector/assessor,IT,Decreasing,High," $1,15,361.75 ",Bachelor? Degree,12,6132,4720,14.25,61.48,Brazil,44.99
Control and instrumentation engineer,Manufacturing,Increasing,Low," $1,41,057.77 ",Bachelor? Degree,2,6635,4993,2.82,82.71,UK,70.9
Chartered management accountant,Retail,Increasing,High," $1,09,968.03 ",Master? Degree,2,8808,8733,53.7,86.54,Germany,39.73
Product/process development scientist,IT,Decreasing,High," $1,38,569.51 ",Master? Degree,1,8865,1657,40.53,89,Australia,51.43
Music tutor,Manufacturing,Decreasing,Low," $95,835.78 ",High School,16,7600,2450,65.63,31.01,China,67.03
Licensed conveyancer,Finance,Increasing,Low," $84,039.09 ",Master? Degree,8,9100,2376,37.57,18.15,Germany,47.7
Market researcher,Healthcare,Decreasing,Moderate," $57,895.58 ",High School,5,9998,8252,13.47,85.76,Canada,43.45
"Nurse, mental health",Transportation,Decreasing,High," $1,42,762.08 ",Master? Degree,1,8229,6349,51.85,93.08,India,54.07
"Designer, furniture",Entertainment,Increasing,Moderate," $1,22,113.60 ",High School,11,6245,4348,14.15,22.4,China,44.38
Insurance underwriter,Entertainment,Decreasing,High," $68,358.54 ",High School,0,7185,3793,95.89,2.51,Canada,79.12
Dancer,Finance,Increasing,Moderate," $61,783.87 ",Bachelor? Degree,8,1899,8414,96.35,35.55,Australia,51.54
"Accountant, chartered public finance",Transportation,Decreasing,Low," $1,17,972.16 ",High School,4,7404,4154,92.94,88.68,Australia,42.17
Commercial art gallery manager,Finance,Decreasing,Moderate," $89,298.52 ",PhD,5,8660,1831,61.63,39.98,China,47.48
Video editor,Education,Increasing,Moderate," $60,255.27 ",High School,18,8610,8096,29.58,38.5,USA,20.15
Copy,Retail,Increasing,High," $1,25,485.78 ",High School,10,2592,9671,69.37,40.83,Canada,58.12
Advertising art director,Retail,Increasing,Low," $1,21,962.55 ",Associate Degree,6,1810,4668,22.01,51.72,UK,24.82
Financial controller,Entertainment,Decreasing,Low," $1,37,729.91 ",Master? Degree,8,1386,2113,99.59,16.08,China,66.32
Broadcast engineer,Education,Increasing,Low," $40,919.68 ",PhD,8,3749,5385,79.7,49.41,India,63.46
Brewing technologist,Healthcare,Decreasing,Moderate," $88,579.10 ",Associate Degree,19,5471,4938,95.14,83.98,UK,79.67
Production manager,Entertainment,Increasing,High," $1,33,299.74 ",Master? Degree,19,5775,8521,6.54,6.06,China,35.24
Arts administrator,Retail,Increasing,High," $1,29,656.68 ",PhD,12,384,9251,83.19,99.64,Germany,28.89
Publishing copy,Entertainment,Increasing,High," $1,47,093.01 ",Master? Degree,13,7149,2320,87.14,78.76,UK,36.59
"Psychotherapist, dance movement",Education,Decreasing,High," $95,782.63 ",Master? Degree,11,7259,6887,4.95,55.24,Australia,58
"Production designer, theatre/television/film",Transportation,Increasing,High," $35,941.01 ",PhD,20,5856,507,81.77,28.61,China,50.82
Corporate treasurer,IT,Increasing,Moderate," $1,32,470.30 ",Master? Degree,10,4787,7242,26.01,46.01,Brazil,37.86
Recruitment consultant,Retail,Increasing,Low," $36,985.54 ",Master? Degree,1,4226,3191,55.71,84.21,Germany,58.39
Forensic scientist,Healthcare,Increasing,High," $60,441.72 ",High School,13,5991,5977,66.6,52.13,Canada,35.59
"Designer, blown glass/stained glass",Healthcare,Increasing,Low," $1,13,522.12 ",Bachelor? Degree,11,2779,9271,11.12,18.75,UK,40.91
"Engineer, biomedical",Healthcare,Increasing,Low," $1,42,853.13 ",High School,13,8580,2366,31.3,56.65,UK,62.34
Financial adviser,Finance,Decreasing,Moderate," $1,08,840.11 ",Master? Degree,6,6884,6100,14.28,70.98,Brazil,22.39
"Editor, film/video",Finance,Increasing,Low," $1,41,030.62 ",High School,20,7887,8218,90.24,54.71,UK,75.88
Tourism officer,Retail,Increasing,High," $1,07,400.99 ",Bachelor? Degree,10,6761,1097,50.98,42.57,UK,59.52
Chief Technology Officer,Education,Increasing,Low," $1,46,814.23 ",PhD,18,7357,9785,75.88,63.65,UK,52.62
Theme park manager,Transportation,Decreasing,Moderate," $99,751.26 ",Bachelor? Degree,0,4739,910,9.5,77.88,Germany,62.03
Mudlogger,Entertainment,Decreasing,Low," $1,28,649.26 ",PhD,15,312,5065,76.15,99.66,USA,27.4
Haematologist,IT,Decreasing,High," $1,40,471.72 ",Bachelor? Degree,3,2442,1753,13.49,12.34,India,33.35
Software engineer,Healthcare,Decreasing,High," $1,02,875.23 ",PhD,5,6308,1454,36.35,1.74,Germany,23.51
Textile designer,Retail,Increasing,High," $45,452.45 ",Associate Degree,9,3145,454,31.08,0.71,China,30.02
Private music teacher,Education,Increasing,Moderate," $89,394.36 ",Associate Degree,8,301,6650,94.52,71.05,USA,76.64
Airline pilot,Education,Decreasing,High," $36,978.97 ",High School,7,3647,1516,9.49,53.25,Canada,66.86
Administrator,Education,Increasing,Moderate," $1,34,309.48 ",Master? Degree,4,9567,7128,55.89,25.67,Canada,59.38
Agricultural engineer,Healthcare,Increasing,Low," $1,42,403.04 ",Master? Degree,13,1407,7728,25.35,28.78,Australia,44.4
Regulatory affairs officer,IT,Decreasing,High," $1,43,398.14 ",High School,11,8832,1394,92.61,86.77,China,78.92
Passenger transport manager,IT,Increasing,Moderate," $74,077.95 ",Associate Degree,15,8911,794,73.17,51.69,India,57.73
Learning mentor,IT,Decreasing,Moderate," $59,683.17 ",High School,10,4141,5707,61.95,16.6,India,34.04
"Engineer, water",Education,Increasing,Low," $1,30,797.34 ",Associate Degree,4,3285,7537,31.41,65.82,Germany,49.81
Financial trader,Retail,Increasing,Moderate," $32,760.05 ",Bachelor? Degree,13,1862,616,11.03,24.63,Australia,27.11
Tree surgeon,Entertainment,Increasing,High," $74,953.03 ",Associate Degree,10,1515,8376,18.33,26,India,72.77
English as a foreign language teacher,IT,Decreasing,Moderate," $1,10,005.71 ",High School,17,3990,4331,63.39,50.07,Australia,36.44
Pathologist,IT,Increasing,High," $62,819.65 ",High School,5,6595,8386,50.3,29.14,UK,70.64
Homeopath,Manufacturing,Increasing,Low," $88,129.69 ",High School,18,1934,8353,83.09,27.2,China,22.62
Chief Executive Officer,Education,Increasing,Low," $49,817.09 ",High School,4,6794,6776,59.24,54.07,UK,35.88
Food technologist,IT,Increasing,Low," $56,336.88 ",High School,18,189,227,16.21,92.36,USA,26.58
Waste management officer,Healthcare,Increasing,Moderate," $39,960.84 ",High School,19,6111,4207,38.59,55.09,USA,63.45
"Accountant, chartered management",Manufacturing,Decreasing,Moderate," $59,963.97 ",High School,14,4412,4427,23.4,61.28,China,57.88
"Editor, commissioning",Retail,Decreasing,Moderate," $75,244.72 ",Master? Degree,2,6612,9102,7.58,10.7,Canada,69.66
"Engineer, electronics",Healthcare,Increasing,High," $1,10,397.48 ",Bachelor? Degree,14,1098,8507,49.55,28.88,Germany,74.5
"Designer, industrial/product",Healthcare,Increasing,Moderate," $1,17,327.72 ",Bachelor? Degree,19,887,6751,35,34.87,UK,56.67
Wellsite geologist,Transportation,Increasing,High," $45,783.06 ",Associate Degree,14,6418,7033,27.49,51.72,Australia,49.21
"Civil engineer, consulting",IT,Decreasing,High," $1,18,415.15 ",PhD,14,4685,7652,74.27,38.86,India,65.82
"Presenter, broadcasting",Manufacturing,Decreasing,Moderate," $74,561.97 ",High School,4,791,8069,44,75.36,Brazil,55.64
"Teacher, special educational needs",Healthcare,Decreasing,Moderate," $1,36,395.86 ",Associate Degree,3,2451,1032,73.89,73.48,Brazil,41.03
Event organiser,IT,Decreasing,Low," $71,471.60 ",Associate Degree,11,5989,6098,78.73,77.36,USA,60.39
Dealer,IT,Increasing,High," $1,42,178.94 ",High School,17,3145,5611,54.3,93.05,Brazil,34.17
Analytical chemist,Retail,Decreasing,Moderate," $1,12,188.74 ",PhD,5,3600,9769,65.2,45.26,China,40.66
Fast food restaurant manager,Education,Increasing,Moderate," $1,19,061.85 ",Bachelor? Degree,2,9546,7310,32.06,46.08,Brazil,32.74
Neurosurgeon,Education,Decreasing,Low," $60,691.06 ",Master? Degree,18,3604,9862,40.91,29.02,UK,53.06
Land/geomatics surveyor,Education,Decreasing,High," $1,01,233.52 ",Associate Degree,4,3447,2766,16.6,72.92,Germany,35.49
"Psychologist, clinical",Healthcare,Decreasing,Moderate," $99,035.54 ",Master? Degree,6,7817,8361,46.69,1.61,Brazil,43.88
Ship broker,IT,Increasing,Moderate," $1,31,929.37 ",Bachelor? Degree,18,9046,9792,65.01,77.27,Canada,28.85
"Chemist, analytical",Retail,Decreasing,High," $97,118.73 ",PhD,11,853,5904,54.79,22.28,China,30.82
"Copywriter, advertising",Manufacturing,Increasing,Low," $1,44,718.36 ",Associate Degree,5,6193,4531,91.87,44.71,India,58.05
Best boy,IT,Increasing,Moderate," $1,27,432.36 ",High School,14,5295,5006,63.13,43.91,China,66.78
Education administrator,Manufacturing,Decreasing,Moderate," $1,09,621.49 ",Bachelor? Degree,15,6155,1781,0.94,23.11,USA,57.13
"Pharmacist, community",IT,Increasing,High," $35,932.02 ",High School,4,1303,2342,42.63,5.29,USA,49.86
"Scientist, research (medical)",Education,Increasing,High," $1,16,352.97 ",PhD,10,4258,4701,67.65,31.56,UK,22.06
Financial manager,Entertainment,Increasing,Moderate," $1,11,033.75 ",Master? Degree,13,5282,7640,91.85,11.14,UK,76.27
Insurance risk surveyor,Education,Increasing,Moderate," $1,04,173.95 ",Bachelor? Degree,3,6984,5581,98.71,32.3,Canada,76.96
"Surveyor, building control",IT,Decreasing,High," $1,47,524.34 ",Bachelor? Degree,10,4950,3766,66.36,38.53,UK,76.44
Telecommunications researcher,Transportation,Decreasing,Low," $75,039.84 ",Bachelor? Degree,17,4907,6416,74.19,34.91,UK,49.65
Data processing manager,Manufacturing,Increasing,Low," $72,083.68 ",Associate Degree,5,5603,7676,43.74,10.99,Germany,59.97
"Horticulturist, amenity",Manufacturing,Decreasing,Moderate," $82,720.44 ",Bachelor? Degree,19,1671,3602,22.39,31.76,Germany,58.19
Lawyer,Finance,Decreasing,Low," $1,38,511.15 ",Bachelor? Degree,4,1985,2390,85.8,66.14,UK,32.47
"Administrator, arts",Retail,Increasing,Low," $1,21,855.60 ",PhD,0,6592,1648,96.22,57.68,UK,29.38
Pension scheme manager,Manufacturing,Increasing,Low," $79,476.01 ",Master? Degree,17,9112,1891,55.79,75.58,Brazil,40
Clinical molecular geneticist,Healthcare,Increasing,Low," $1,18,919.63 ",Bachelor? Degree,11,9372,5601,23.89,16.06,USA,39.65
Environmental education officer,IT,Increasing,Low," $73,698.80 ",PhD,5,4728,1236,32.8,23.53,USA,61.56
"Engineer, site",Education,Increasing,Low," $1,37,575.49 ",Bachelor? Degree,7,9378,2998,29.6,10.05,Brazil,70.32
"Therapist, sports",Manufacturing,Increasing,Moderate," $83,069.03 ",Associate Degree,18,391,208,91.12,22.2,UK,36.54
Operational researcher,Manufacturing,Increasing,Low," $95,366.41 ",Master? Degree,12,292,6344,96.37,86.86,India,25.52
Barrister's clerk,IT,Increasing,Low," $37,854.07 ",PhD,14,5114,9427,54.63,8.6,India,23.72
"Restaurant manager, fast food",Entertainment,Increasing,High," $1,49,210.87 ",High School,16,6670,4616,58.55,17.67,India,25.32
Hydrographic surveyor,Entertainment,Increasing,Moderate," $1,18,259.44 ",Associate Degree,0,3036,532,57.55,13.25,China,55.39
Structural engineer,Healthcare,Decreasing,High," $51,009.73 ",Bachelor? Degree,1,8821,8414,77.77,57.67,UK,75.05
"Embryologist, clinical",Healthcare,Increasing,High," $56,589.18 ",Bachelor? Degree,18,7603,9373,22.94,76.18,Canada,37.94
Rural practice surveyor,Entertainment,Decreasing,Low," $92,321.26 ",High School,3,6255,7605,63.01,32.7,Germany,59.19
IT trainer,Healthcare,Increasing,High," $65,535.14 ",High School,11,3353,3315,85.67,32.69,China,67.71
"Therapist, speech and language",Healthcare,Decreasing,Low," $32,579.31 ",High School,1,5281,9162,1.32,87.18,India,62
Retail merchandiser,Education,Decreasing,Low," $94,086.63 ",Associate Degree,5,6138,9078,15.18,18.46,Canada,28.45
Art therapist,Healthcare,Increasing,Moderate," $1,36,311.03 ",Associate Degree,3,4444,4111,41.62,50.11,USA,34.42
Learning disability nurse,Healthcare,Decreasing,Moderate," $31,470.17 ",Master? Degree,3,7005,1317,77.44,16.94,India,51.34
Freight forwarder,Transportation,Decreasing,Low," $38,468.62 ",Master? Degree,8,816,8572,12.59,96.58,Brazil,30.25
Personnel officer,Transportation,Increasing,Low," $89,565.74 ",Associate Degree,1,2954,6905,32.06,31.5,Germany,24.64
Insurance account manager,Finance,Decreasing,Moderate," $88,751.63 ",Associate Degree,12,132,3465,57.47,50.52,Australia,46.06
Facilities manager,Education,Decreasing,Moderate," $93,798.77 ",Associate Degree,18,6655,3606,84.63,59.7,Canada,67.22
"Conservator, furniture",Education,Increasing,Moderate," $90,042.43 ",PhD,10,6188,3378,22.78,45.57,UK,47.18
"Programme researcher, broadcasting/film/video",Transportation,Decreasing,Low," $85,425.31 ",High School,6,7041,6576,0.9,12.39,Germany,42.62
Systems analyst,Finance,Increasing,Low," $60,289.24 ",Master? Degree,17,5493,9515,55.02,81.88,UK,30.61
"Scientist, clinical (histocompatibility and immunogenetics)",Retail,Increasing,Low," $1,02,851.29 ",Master? Degree,3,8693,6605,79.6,82.14,Canada,60.05
Technical sales engineer,Transportation,Decreasing,Low," $51,133.73 ",Bachelor? Degree,5,9951,4420,28.41,25.4,USA,72.23
"Scientist, marine",Entertainment,Increasing,Low," $82,167.48 ",Master? Degree,16,7276,7888,63.11,25.98,Canada,59.29
Restaurant manager,IT,Decreasing,Moderate," $48,477.91 ",Bachelor? Degree,16,8673,6032,5.84,61.47,Brazil,58
Camera operator,Education,Decreasing,High," $37,825.96 ",PhD,7,5710,8747,2.09,94.25,Australia,26.33
Glass blower/designer,Finance,Decreasing,Moderate," $1,35,747.39 ",Associate Degree,20,9434,4112,93.62,72.75,China,38.54
Toxicologist,Entertainment,Decreasing,Low," $1,03,780.87 ",High School,2,440,9689,93.12,87.02,USA,62.61
Cytogeneticist,Transportation,Decreasing,Low," $65,590.09 ",Bachelor? Degree,19,1091,108,80.47,81.52,Germany,58.18
Stage manager,Healthcare,Increasing,High," $1,23,366.48 ",PhD,10,9493,228,9.85,29.85,UK,47.27
Biomedical scientist,Entertainment,Increasing,Moderate," $59,183.80 ",Bachelor? Degree,14,1822,3111,27.86,69.28,Canada,53.09
Accommodation manager,IT,Decreasing,High," $1,27,902.63 ",Associate Degree,18,7050,4034,28.34,55.6,China,56.3
"Scientist, forensic",Entertainment,Increasing,High," $97,079.77 ",High School,18,4197,6712,9.87,21.98,UK,69.02
Actor,IT,Increasing,High," $1,15,913.36 ",High School,4,9480,8602,51.65,17.08,Australia,64.91
Media planner,Manufacturing,Increasing,High," $90,289.64 ",Master? Degree,10,9826,9875,57.35,83.14,UK,52.04
"Surveyor, hydrographic",Education,Increasing,Low," $58,084.64 ",Bachelor? Degree,18,767,9529,26.49,53.42,Brazil,28.59
Seismic interpreter,Finance,Increasing,High," $61,737.13 ",Associate Degree,11,2475,6551,74.5,26.38,Australia,26.65
Biomedical engineer,Healthcare,Increasing,Moderate," $72,256.01 ",High School,15,6326,8565,65.92,50.52,UK,41
"Doctor, general practice",IT,Decreasing,High," $1,12,019.23 ",PhD,8,2233,6282,44.3,92.16,Germany,52.92
Graphic designer,Finance,Increasing,High," $1,21,789.84 ",Associate Degree,6,7011,8350,57.4,19.77,Brazil,35.16
Set designer,Entertainment,Increasing,Low," $80,401.70 ",Master? Degree,19,2605,7354,10.15,21.99,USA,30.62
Writer,Entertainment,Increasing,High," $1,14,743.99 ",Master? Degree,8,3834,8519,78.65,11.68,UK,46.94
Equality and diversity officer,Healthcare,Increasing,Moderate," $46,372.25 ",Associate Degree,20,5132,9700,43.89,81.96,China,78.21
Art gallery manager,Retail,Increasing,Moderate," $1,47,669.21 ",High School,20,1644,7632,86.64,41.42,Germany,41.97
Intelligence analyst,Education,Decreasing,High," $94,804.80 ",Master? Degree,13,4476,6933,31.1,92.36,USA,72.79
Lobbyist,Manufacturing,Decreasing,High," $84,456.07 ",High School,5,8858,6231,46.28,0.31,USA,27.19
Insurance claims handler,Entertainment,Increasing,Low," $1,48,610.83 ",Bachelor? Degree,6,7847,5309,81.98,16.45,Germany,43.09
Politician's assistant,Finance,Decreasing,Moderate," $1,27,396.69 ",Bachelor? Degree,15,3582,5296,91.35,71.92,Brazil,23.75
Television camera operator,Entertainment,Increasing,Moderate," $1,01,166.28 ",Bachelor? Degree,7,5196,6716,96.98,46.27,Brazil,52.45
Midwife,Finance,Increasing,High," $98,926.72 ",Associate Degree,8,7245,4459,3.07,61.51,Australia,28.32
"Social research officer, government",Education,Decreasing,Low," $70,195.44 ",PhD,16,2999,250,75.34,64.46,India,44.36
Company secretary,IT,Decreasing,Low," $1,17,123.79 ",Bachelor? Degree,6,4926,4568,57.09,60.35,UK,48.58
"Development worker, community",Manufacturing,Increasing,Moderate," $45,542.66 ",Associate Degree,10,7546,759,93.57,56.6,Germany,21.66
Conference centre manager,Transportation,Increasing,Moderate," $47,176.05 ",High School,16,9788,2603,32.85,20.58,Australia,28.7
Magazine journalist,Manufacturing,Decreasing,High," $46,892.62 ",Bachelor? Degree,11,3469,6641,48.82,42.82,Australia,47.84
"Engineer, land",Finance,Increasing,Moderate," $99,698.68 ",Bachelor? Degree,13,9089,4916,97.51,91.08,USA,62.22
"Engineer, automotive",Transportation,Decreasing,Low," $87,610.03 ",Associate Degree,6,5301,6979,28.89,56.48,UK,28.16
Computer games developer,Entertainment,Increasing,Moderate," $90,897.66 ",High School,8,2666,9097,66.18,42.51,China,65.54
Film/video editor,Manufacturing,Decreasing,Low," $1,29,932.16 ",Master? Degree,12,231,1221,59.9,17.43,USA,69.16
"Research officer, government",Education,Increasing,Moderate," $1,40,050.64 ",Bachelor? Degree,9,1653,297,38.55,24.01,Germany,61.46
"Teacher, adult education",Entertainment,Increasing,High," $90,268.75 ",Master? Degree,4,4215,4490,9.21,75.53,India,58.64
"Designer, interior/spatial",Retail,Increasing,Moderate," $1,23,223.66 ",High School,19,6208,1837,76.09,1.18,Brazil,25.22
Landscape architect,Retail,Increasing,Low," $63,855.27 ",Bachelor? Degree,17,844,210,44.84,94.71,UK,70.51
"Conservation officer, nature",Transportation,Decreasing,High," $1,01,241.93 ",High School,16,2804,9093,85.06,20.32,India,66.42
Data scientist,Education,Increasing,High," $1,38,332.71 ",Associate Degree,12,9171,1416,42.13,9.52,China,28.24
TEFL teacher,Education,Increasing,High," $1,46,274.01 ",PhD,3,1124,3351,58.52,80.68,USA,27.65
Dietitian,Education,Decreasing,High," $98,114.85 ",PhD,14,5853,672,33.29,10.45,Brazil,46.14
Forensic psychologist,IT,Increasing,Moderate," $91,764.70 ",Master? Degree,14,5063,3728,46.32,34.63,Germany,78.16
Records manager,Transportation,Decreasing,Moderate," $97,332.07 ",Associate Degree,9,5101,7044,4.67,50.26,Canada,54.23
"Education officer, museum",Retail,Decreasing,Moderate," $91,613.77 ",Associate Degree,16,4250,3839,45.19,18.58,Canada,29.96
Maintenance engineer,Retail,Decreasing,High," $1,08,075.44 ",Bachelor? Degree,5,9712,8909,38.95,42.13,Australia,65.66
"Engineer, aeronautical",Healthcare,Decreasing,Low," $82,698.13 ",PhD,20,8305,6830,79.75,85.74,USA,68
Field seismologist,Entertainment,Decreasing,Low," $1,25,354.94 ",High School,19,4128,8196,74.31,65.53,Brazil,50.55
Soil scientist,Healthcare,Increasing,High," $41,448.74 ",High School,2,4641,2152,93.04,90.68,China,45.8
Nutritional therapist,Retail,Decreasing,Low," $62,230.63 ",Master? Degree,19,6292,8381,10.36,5.77,Germany,49.41
"Research officer, trade union",Entertainment,Decreasing,Moderate," $1,38,582.84 ",High School,18,787,6542,79.92,65.04,Germany,20.19
Further education lecturer,Manufacturing,Decreasing,Moderate," $65,956.79 ",Master? Degree,20,4932,8631,22.24,50.51,Canada,34.23
Fisheries officer,Retail,Increasing,High," $74,574.34 ",High School,5,4588,4476,76.44,65.41,Australia,48.75
"Designer, graphic",Entertainment,Increasing,Low," $1,14,452.28 ",PhD,4,6775,2540,77.41,67.84,Canada,28.84
Heritage manager,Finance,Increasing,Moderate," $1,15,363.40 ",Associate Degree,12,5566,7148,85.44,46.57,Canada,41.22
"Engineer, maintenance",Healthcare,Increasing,High," $40,305.58 ",PhD,16,3321,8441,26.06,20.99,Brazil,25.66
Armed forces training and education officer,IT,Increasing,High," $59,737.28 ",PhD,1,9221,1965,54.97,19.51,Germany,79.78
Tax adviser,Healthcare,Decreasing,Low," $1,37,859.86 ",Master? Degree,18,2527,309,69.77,4.22,China,75.42
Banker,Education,Increasing,Moderate," $57,794.61 ",PhD,5,3202,8017,97.76,1.55,China,61.04
Field trials officer,IT,Decreasing,High," $1,36,997.81 ",Master? Degree,14,8230,6103,59.19,76.47,UK,33.62
"Surveyor, building",Education,Increasing,Low," $45,501.57 ",PhD,5,4315,3229,39.76,12.69,Brazil,51.06
Geoscientist,Finance,Decreasing,Moderate," $62,420.32 ",Associate Degree,19,5272,3936,80.26,4.23,India,70.76
"Designer, exhibition/display",Transportation,Increasing,Low," $87,977.07 ",Associate Degree,3,2231,5646,86.72,5.35,USA,74.68
"Surveyor, minerals",Transportation,Decreasing,Moderate," $94,293.12 ",High School,9,258,581,59.09,28.99,Brazil,28.97
Merchant navy officer,Education,Decreasing,Moderate," $1,28,669.68 ",Associate Degree,10,486,7907,96.99,1.24,Canada,40.75
"Horticulturist, commercial",Finance,Decreasing,Low," $1,46,562.53 ",Bachelor? Degree,0,7826,1907,47.8,72.07,Canada,44.06
Television/film/video producer,Transportation,Increasing,Moderate," $71,172.97 ",Associate Degree,6,2759,144,28.83,92.79,USA,78.37
"Designer, television/film set",Healthcare,Decreasing,Moderate," $1,20,625.79 ",Bachelor? Degree,15,6600,1833,81.94,9.48,Germany,73.06
"Scientist, water quality",IT,Decreasing,Moderate," $95,157.02 ",Associate Degree,20,555,8404,2.11,4.56,China,38.59
Equities trader,Education,Increasing,Low," $1,16,936.25 ",Bachelor? Degree,11,7157,7680,71.74,84.74,Canada,52.65
"Designer, textile",Education,Increasing,Moderate," $1,46,656.89 ",Master? Degree,12,4326,3591,65.86,99.88,India,75.22
Broadcast journalist,Education,Increasing,Low," $93,635.20 ",PhD,11,9249,8237,16.13,36.48,Australia,29.2
Chief Financial Officer,Transportation,Increasing,Moderate," $1,17,131.42 ",Associate Degree,11,4212,5289,72.67,87.98,USA,71.25
Proofreader,Retail,Increasing,Moderate," $62,736.25 ",Bachelor? Degree,4,7027,7632,65.13,33.92,Germany,24.49
Race relations officer,Retail,Decreasing,Moderate," $44,241.70 ",High School,15,4896,3621,85.52,69.46,UK,21.55
"Psychologist, counselling",Finance,Increasing,Moderate," $95,109.31 ",Bachelor? Degree,1,210,5156,87.87,43.09,UK,42.74
Paramedic,Finance,Increasing,High," $1,25,117.59 ",PhD,20,5387,3056,59.18,17.96,Australia,42.65
Ophthalmologist,IT,Decreasing,High," $75,308.38 ",High School,18,471,5322,38.13,26.99,Australia,32.82
Prison officer,Entertainment,Decreasing,High," $82,657.61 ",PhD,6,336,3270,21.37,11.43,Germany,42.71
Therapeutic radiographer,Entertainment,Decreasing,Moderate," $94,014.70 ",Master? Degree,11,6142,2661,51.43,44.28,Australia,28.86
Agricultural consultant,Retail,Decreasing,High," $86,158.82 ",Bachelor? Degree,11,5439,4625,67.17,62.72,Germany,23.85
Chartered loss adjuster,Education,Increasing,Low," $1,16,283.66 ",High School,10,3003,9975,73.67,91.65,USA,25.6
Mining engineer,Education,Decreasing,High," $45,746.38 ",Bachelor? Degree,14,6285,1715,7.97,43.49,Brazil,59.8
Astronomer,Education,Decreasing,Moderate," $34,272.24 ",Master? Degree,9,607,293,31.44,72.76,USA,64.66
"Scientist, physiological",Entertainment,Increasing,Low," $1,31,785.60 ",High School,3,1880,8595,95.25,85.7,India,69.29
"Development worker, international aid",Transportation,Increasing,High," $64,706.09 ",Master? Degree,19,7226,5122,2.7,81.51,Canada,31.07
Chief Operating Officer,Healthcare,Decreasing,Moderate," $30,451.63 ",Master? Degree,19,3378,4461,33.29,0.12,Germany,76.65
"Physicist, medical",Finance,Increasing,Moderate," $1,37,418.49 ",PhD,3,5445,4742,67.14,31.59,Brazil,67
Trading standards officer,Finance,Increasing,Low," $1,27,968.80 ",PhD,14,5747,7574,23.52,7.71,Canada,61.69
Nature conservation officer,Education,Decreasing,Moderate," $64,170.70 ",Master? Degree,1,9745,668,76.43,62.51,USA,69.62
"Engineer, petroleum",Retail,Decreasing,High," $84,813.21 ",High School,9,7611,8175,41.19,41.13,UK,53.21
Adult nurse,Entertainment,Decreasing,Low," $33,013.35 ",Associate Degree,2,9233,1332,10.19,80.27,Brazil,65.76
Community education officer,Transportation,Decreasing,Moderate," $60,983.71 ",High School,4,5062,4916,33.83,44.75,UK,69.62
Exhibition designer,Manufacturing,Decreasing,Low," $32,587.65 ",High School,20,4117,6381,35.06,20.59,Australia,42.54
Psychiatric nurse,Retail,Decreasing,High," $1,12,373.28 ",PhD,19,9025,5742,75.45,20.26,Canada,41.14
Metallurgist,Education,Increasing,High," $52,494.07 ",Bachelor? Degree,14,9625,6949,25.03,76.46,Australia,66.27
Marketing executive,Retail,Increasing,Moderate," $1,47,258.59 ",PhD,12,3800,1779,18.6,17.41,UK,31.15
"Therapist, nutritional",Retail,Increasing,Low," $1,37,038.71 ",High School,20,2922,7425,24.99,69.81,UK,37.68
Applications developer,Retail,Increasing,Moderate," $1,25,383.15 ",High School,2,5938,3345,83.06,47.43,China,26.31
"Engineer, communications",Retail,Decreasing,High," $1,24,175.19 ",Master? Degree,19,543,8017,3.27,7.46,Australia,63.94
Public house manager,Finance,Increasing,High," $1,15,524.50 ",PhD,10,7578,6340,87.51,43.45,Germany,69.12
Air traffic controller,Education,Increasing,Low," $69,701.34 ",Associate Degree,6,9785,1236,96.24,79.78,USA,74.67
Printmaker,Finance,Increasing,Moderate," $74,915.31 ",High School,20,278,4367,75.3,58.22,Canada,67.43
Personal assistant,Transportation,Increasing,Moderate," $1,27,587.18 ",PhD,16,5052,9805,96.73,18.74,India,26.27
"Scientist, audiological",Healthcare,Decreasing,Low," $70,926.17 ",Associate Degree,12,4061,4112,50.34,58.66,Germany,36.36
"Engineer, manufacturing",Manufacturing,Increasing,Low," $44,111.27 ",Associate Degree,7,7340,9086,94.33,36.69,UK,22.4
Sports development officer,Transportation,Decreasing,Low," $1,17,468.91 ",Associate Degree,4,5897,4112,47.8,49.47,India,29.33
Clinical cytogeneticist,IT,Decreasing,High," $1,45,358.34 ",Associate Degree,17,8872,9265,90.48,80.18,USA,61.77
Health visitor,Education,Increasing,Moderate," $67,147.01 ",Associate Degree,2,7068,5213,80.52,17.44,Canada,67.37
Hotel manager,Transportation,Decreasing,High," $1,41,622.43 ",High School,14,979,2023,40.67,61.44,Australia,21.49
Network engineer,Retail,Increasing,Moderate," $1,44,936.42 ",Bachelor? Degree,18,3317,3978,96.25,85.4,Brazil,49.49
Oncologist,Entertainment,Decreasing,High," $1,26,163.80 ",Associate Degree,18,4278,3019,67.43,44.12,Germany,39.52
Warden/ranger,Education,Increasing,Low," $31,442.90 ",Bachelor? Degree,20,4820,9845,59.31,73.27,India,65.82
Barrister,Education,Decreasing,Low," $65,373.45 ",Bachelor? Degree,19,7883,2624,9.72,21.3,Canada,42.2
Chief Strategy Officer,Healthcare,Decreasing,Low," $85,301.08 ",Bachelor? Degree,18,3832,7466,83.04,18.62,USA,53.38
IT technical support officer,IT,Increasing,Moderate," $1,08,433.28 ",Associate Degree,14,3438,3903,53.22,1.16,UK,73.58
"Investment banker, corporate",IT,Decreasing,High," $1,48,606.53 ",Master? Degree,4,2588,4039,16.14,29.87,UK,78.62
Warehouse manager,Healthcare,Increasing,Moderate," $32,477.05 ",Bachelor? Degree,11,677,1529,89.04,88.13,India,71.02
"Engineer, energy",Retail,Decreasing,Low," $57,658.01 ",High School,18,4405,9982,99.18,66.39,India,27.03
Pharmacologist,Entertainment,Decreasing,Low," $1,25,355.67 ",High School,9,2849,7297,50.24,58.59,USA,78.25
Operational investment banker,Manufacturing,Decreasing,Moderate," $52,034.99 ",Bachelor? Degree,5,4141,9813,46.74,82.4,China,64.34
"Psychologist, prison and probation services",Transportation,Increasing,High," $64,589.18 ",Bachelor? Degree,0,3133,8007,9.89,23.82,India,51.26
Physiological scientist,IT,Decreasing,Low," $1,43,151.93 ",Bachelor? Degree,8,2529,4061,45.52,85.71,Canada,72.68
Herpetologist,IT,Increasing,Low," $1,19,213.52 ",PhD,13,792,1029,44.2,13.96,China,44.6
Catering manager,IT,Decreasing,High," $1,26,621.95 ",Master? Degree,15,9977,2537,8.55,33.19,UK,32.16
Quality manager,Manufacturing,Increasing,Moderate," $41,578.33 ",Associate Degree,8,4686,7092,70.49,41.23,USA,39.48
"Therapist, drama",Transportation,Increasing,Low," $78,689.31 ",High School,9,1991,1954,23.08,20.41,Germany,37.52
Chartered public finance accountant,Finance,Increasing,Moderate," $78,436.13 ",High School,8,5541,7134,43.64,42.78,Brazil,76.92
Clinical research associate,Entertainment,Decreasing,Moderate," $1,10,367.31 ",Bachelor? Degree,20,2109,8849,32.9,91.1,India,30.4
Podiatrist,IT,Decreasing,High," $80,428.54 ",High School,8,4112,8157,24.9,90.78,Brazil,56.82
Health and safety adviser,Education,Increasing,Moderate," $84,600.72 ",Master? Degree,12,1378,2740,49.25,65.99,Brazil,36.3
Holiday representative,IT,Decreasing,Moderate," $58,668.43 ",Bachelor? Degree,17,2108,3596,31.68,45.17,India,55.64
Office manager,Retail,Decreasing,High," $99,831.22 ",Master? Degree,3,9067,6943,7.42,15.24,UK,79.2
"Accountant, chartered certified",IT,Increasing,Moderate," $1,37,780.17 ",High School,13,9692,2103,2.52,34.05,Brazil,23.24
Retail manager,Healthcare,Decreasing,High," $80,871.90 ",Master? Degree,15,3830,1414,57.65,40.32,Germany,70.1
Engineering geologist,Entertainment,Increasing,Low," $1,28,209.41 ",PhD,12,3934,7420,67.35,75.58,China,31.26
International aid/development worker,Finance,Decreasing,High," $87,011.66 ",Master? Degree,0,3512,5647,96.65,24.32,Australia,55.33
Public relations account executive,Retail,Decreasing,Moderate," $1,28,514.34 ",PhD,7,6295,7238,56.04,47.21,Brazil,59.96
"Conservation officer, historic buildings",Finance,Decreasing,Low," $99,104.82 ",Associate Degree,5,6043,4613,45.81,86.09,UK,61.79
Adult guidance worker,Transportation,Decreasing,Moderate," $1,40,633.22 ",Bachelor? Degree,13,5715,7353,50.04,21.91,USA,76.21
Artist,IT,Increasing,Low," $57,734.78 ",Master? Degree,15,4806,8634,62.75,57.03,Canada,65.92
Historic buildings inspector/conservation officer,Manufacturing,Decreasing,Moderate," $93,453.92 ",High School,7,2070,1184,59.07,81.4,Brazil,27.64
Scientific laboratory technician,Education,Decreasing,Low," $55,187.99 ",PhD,3,3835,5338,41.25,60.74,India,33.38
Medical sales representative,Transportation,Increasing,Moderate," $35,849.66 ",PhD,17,5529,2740,59.76,30.42,China,67.71
"Merchandiser, retail",IT,Decreasing,High," $45,336.60 ",Bachelor? Degree,16,1829,572,8.57,60.76,Australia,72.04
Theatre director,Transportation,Increasing,Moderate," $46,156.02 ",Associate Degree,7,4645,7139,64.4,66.55,Canada,29.17
Human resources officer,Healthcare,Decreasing,Moderate," $1,24,595.65 ",High School,18,9358,1185,89.75,14.22,Brazil,24.35
Diagnostic radiographer,IT,Decreasing,High," $1,30,987.64 ",High School,20,6067,8499,14.4,86.61,China,69.28
"Nurse, adult",Finance,Increasing,Low," $1,33,024.01 ",Master? Degree,11,2005,9976,53.03,55.66,Germany,63.13
Sports coach,IT,Decreasing,Moderate," $1,38,477.47 ",Bachelor? Degree,10,8505,8828,61.47,90.58,Germany,47.7
Energy manager,Finance,Increasing,Moderate," $1,41,414.22 ",PhD,6,5232,6738,8.33,73.02,Brazil,58.53
Medical technical officer,Transportation,Decreasing,Low," $87,887.08 ",High School,10,4087,1305,97.68,58.14,India,39.8
Associate Professor,Entertainment,Decreasing,Low," $75,014.95 ",Associate Degree,20,204,6151,72.7,23.2,Canada,79.1
Risk analyst,IT,Decreasing,High," $79,445.61 ",Bachelor? Degree,15,306,9623,96.88,43.94,Australia,21.66
Health physicist,Entertainment,Decreasing,Low," $89,432.55 ",Bachelor? Degree,12,9401,712,98.54,14.45,China,28.26
Outdoor activities/education manager,Education,Decreasing,Moderate," $33,544.39 ",Bachelor? Degree,1,8114,9397,92.31,94,Germany,67.58
Leisure centre manager,Manufacturing,Decreasing,High," $1,09,878.96 ",Associate Degree,4,2727,3945,18.64,79.49,USA,75.44
Medical secretary,Finance,Increasing,Moderate," $64,302.12 ",High School,6,5705,9273,30.65,99.24,Germany,39.25
Logistics and distribution manager,Retail,Decreasing,Moderate," $1,24,710.04 ",Master? Degree,17,7618,5485,69.67,82.43,India,20.66
Make,Entertainment,Decreasing,High," $66,957.48 ",Associate Degree,0,5372,5672,24.16,25.34,Brazil,72.54
Dispensing optician,Finance,Decreasing,High," $80,423.92 ",Bachelor? Degree,17,2888,8067,33.5,41.35,UK,65.91
Phytotherapist,Entertainment,Decreasing,Moderate," $40,339.78 ",Master? Degree,13,9824,5254,33.59,86.89,Canada,50.54
"Surveyor, rural practice",Finance,Increasing,Moderate," $1,36,116.80 ",PhD,5,8418,8973,64.77,42.54,USA,74.65
Furniture conservator/restorer,Entertainment,Decreasing,High," $1,13,451.73 ",High School,3,9785,3720,99.15,93.83,Brazil,56.57
Occupational hygienist,Healthcare,Decreasing,High," $76,209.21 ",High School,10,3523,2802,67.74,2.21,India,38.13
"Administrator, education",Transportation,Increasing,Moderate," $52,640.23 ",Bachelor? Degree,0,2292,1590,1.03,21.3,UK,26.27
Dance movement psychotherapist,Manufacturing,Increasing,Moderate," $40,927.10 ",Bachelor? Degree,2,4390,8256,91.27,44.18,UK,39.65
Immigration officer,Healthcare,Increasing,Low," $1,29,734.43 ",Bachelor? Degree,8,3709,5027,82.53,24.34,Germany,45.73
Research scientist (medical),Manufacturing,Decreasing,High," $46,821.62 ",PhD,17,4144,2378,61.12,19.46,India,53.78
Newspaper journalist,Education,Increasing,Moderate," $1,44,854.66 ",PhD,19,6951,6132,68.08,2.13,Australia,61.21
Research scientist (life sciences),IT,Decreasing,Low," $91,636.07 ",Bachelor? Degree,9,9927,6532,36.99,0.65,Australia,59
Arboriculturist,Finance,Decreasing,Moderate," $69,439.80 ",Associate Degree,3,972,8870,68.13,53.35,Canada,52.05
Call centre manager,Finance,Increasing,Moderate," $36,711.94 ",Associate Degree,7,9639,743,25.75,44.49,Canada,20.32
Social researcher,Education,Increasing,High," $33,456.93 ",Master? Degree,3,7488,5993,28.09,86.2,Brazil,65.59
Manufacturing systems engineer,Healthcare,Increasing,Low," $69,427.22 ",Bachelor? Degree,5,5919,7920,37.75,96.36,Brazil,65.26
Trade mark attorney,Healthcare,Decreasing,High," $77,581.80 ",Associate Degree,14,6693,8189,57.85,13.51,USA,29.4
"Scientist, research (physical sciences)",Finance,Decreasing,Low," $37,028.29 ",Master? Degree,4,8854,962,77.1,23.57,USA,59.13
Production engineer,Entertainment,Increasing,Moderate," $72,444.70 ",Bachelor? Degree,20,3671,8439,99.7,30.15,China,54.17
Arts development officer,Transportation,Increasing,Low," $1,29,113.56 ",Master? Degree,8,3464,2683,61.73,48.88,Australia,45.83
Sports administrator,IT,Decreasing,Moderate," $59,894.93 ",Bachelor? Degree,11,7845,3959,59.58,23.88,Brazil,56.71
"Therapist, occupational",Education,Decreasing,High," $1,18,313.52 ",PhD,8,3186,3317,52.21,53.74,Australia,62.63
"Lecturer, further education",Healthcare,Decreasing,Moderate," $90,604.68 ",High School,10,5424,7920,69.25,79.29,India,20.98
"Geologist, engineering",Education,Decreasing,Low," $99,081.51 ",Associate Degree,10,5828,7545,9.68,32.94,India,35.23
"Pharmacist, hospital",Finance,Increasing,Low," $1,01,849.15 ",PhD,3,3901,5922,63.45,54.82,Brazil,68.63
Retail buyer,Retail,Increasing,High," $48,168.95 ",Bachelor? Degree,16,1736,2810,96.45,96.16,UK,31.91
Teaching laboratory technician,Education,Increasing,Moderate," $1,48,548.22 ",Master? Degree,8,3571,3759,82.87,21.51,UK,27.11
"Optician, dispensing",Healthcare,Decreasing,High," $1,10,871.68 ",Associate Degree,0,3688,7321,76.2,8.93,China,37.82
"Engineer, agricultural",Healthcare,Decreasing,Moderate," $82,895.14 ",Bachelor? Degree,18,8167,4743,45.55,4.89,Canada,30.24
Diplomatic Services operational officer,Education,Decreasing,Moderate," $1,02,838.05 ",PhD,10,3724,2871,90.45,83.9,Germany,42.38
